"C1","C2","C3","C4","C5","C6","C7","C8","C9","C10","C11"
"ERC SUPER
EWIGE TABELLE","","F1 23","","","","GESAMT","","","",""
"","","Season 1","","","","","","","",""
"Position","Fahrer","Punkte3","⌀-Punkte2","Podien2","Rennsiege2","Punkte18","⌀-Punkte19","Podien20","Rennsiege21","Titel"
"1.","Lemi Lehmann","160","17,778","6","2","160","17,778","6","2","1"
"2.","Marco","136","15,111","6","3","136","15,111","6","3","0"
"3.","Ben2k","134","16,750","3","1","134","16,750","3","1","0"
"4.","Ferity","100","12,500","2","0","100","12,500","2","0","0"
"5.","Enthony","82","13,667","2","1","82","13,667","2","1","0"
"6.","Maximilian Lückert","81","13,500","3","1","81","13,500","3","1","0"
"7.","eMeSHa","71","14,200","2","0","71","14,200","2","0","0"
"8.","Fabi","49","7,000","1","0","49","7,000","1","0","0"
"9.","Enteeyy","44","11,000","0","0","44","11,000","0","0","0"
"10.","Yuvi","43","14,333","2","1","43","14,333","2","1","0"
"11.","BluePeda","35","7,000","0","0","35","7,000","0","0","0"
"12.","Tobiii","32","5,333","0","0","32","5,333","0","0","0"
"13.","Gagarott","28","7,000","0","0","28","7,000","0","0","0"
"14.","Tobi","17","4,250","0","0","17","4,250","0","0","0"
"15.","MarvinSCP10","15","3,750","0","0","15","3,750","0","0","0"
"16.","vPhxl","14","2,333","0","0","14","2,333","0","0","0"
"17.","xmaaco","3","1,000","0","0","3","1,000","0","0","0"
"18.","Racer-Henne1312","2","1,000","0","0","2","1,000","0","0","0"
"19.","Mike Klein","0","0,000","0","0","0","0,000","0","0","0"
"20.","mario217","0","0,000","0","0","0","0,000","0","0","0"
"","","","","","","","","","",""
"","","","","","","","","","",""
"","","","","","","","","","",""
"","","","","","","","","","",""
"","","","","","","","","","",""
"","","","","","","","","","",""
"","","","","","","","","","",""
"","","","","","","","","","",""
"","","","","","","","","","",""
"","","","","","","","","","",""
"","","","","","","","","","",""
"","","","","","","","","","",""
"","","","","","","","","","",""
"","","","","","","","","","",""
"","","","","","","","","","",""
"","","","","","","","","","",""
"","","","","","","","","","",""
"","","","","","","","","","",""
"","","","","","","","","","",""
"","","","","","","","","","",""
"","","","","","","","","","",""
"","","","","","","","","","",""
"","","","","","","","","","",""
"","","","","","","","","","",""
"","","","","","","","","","",""
"","","","","","","","","","",""
"","","","","","","","","","",""
"","","","","","","","","","",""
"","","","","","","","","","",""
"","","","","","","","","","",""
"","","","","","","","","","",""
"","","","","","","","","","",""
"","","","","","","","","","",""
"","","","","","","","","","",""
"","","","","","","","","","",""
"","","","","","","","","","",""
"","","","","","","","","","",""
"","","","","","","","","","",""
"","","","","","","","","","",""
"","","","","","","","","","",""
"","","","","","","","","","",""
"","","","","","","","","","",""
"","","","","","","","","","",""
"","","","","","","","","","",""
"","","","","","","","","","",""
"","","","","","","","","","",""
"","","","","","","","","","",""
"","","","","","","","","","",""
"","","","","","","","","","",""
"","","","","","","","","","",""
"","","","","","","","","","",""
"","","","","","","","","","",""
"","","","","","","","","","",""
"","","","","","","","","","",""
"","","","","","","","","","",""
"","","","","","","","","","",""
"","","","","","","","","","",""
"","","","","","","","","","",""
"","","","","","","","","","",""
"","","","","","","","","","",""
"","","","","","","","","","",""
"","","","","","","","","","",""
"","","","","","","","","","",""
"","","","","","","","","","",""
"","","","","","","","","","",""
"","","","","","","","","","",""
"","","","","","","","","","",""
"","","","","","","","","","",""
"","","","","","","","","","",""
"","","","","","","","","","",""
"","","","","","","","","","",""
"","","","","","","","","","",""
"","","","","","","","","","",""
"","","","","","","","","","",""
