"C1","C2","C3","C4","C5","C6","C7","C8","C9","C10","C11","C12","C13","C14","C15","C16","C17","C18","C19","C20","C21"
"DRIVER","TEAM","BHR","CHN","AUT","GBR","ITA","BEL","POR","NLD","USA","ITA","MEX","BRA","POINTS","PODIUMS","WINS","PENALTY POINTS","FASTEST LAPS","STARTS","TITLES"
"TraFFi","Ferrari","2","1","1","1","4","1","1","2","1","5","1","DNF","233","9","7","0","0","12","1"
"Fabi","Mercedes","4","DNS","4+","2","1","3","2","1","10","1","2","DNS","170","7","3","7","1","10","0"
"Max.","AlphaTauri","5","2","3","3+","3","2","5","DNS","DNS","10","6","1","136","6","1","0","1","10","0"
"ErDi10","Aston Martin","13","3","5","8","2","5","4","5","4","3","4","3","133","4","0","0","0","12","0"
"Gagarott","Mercedes","3","7","8","6","5","11","DNS","7","DNS","4","3","2","94","3","0","3","0","10","0"
"Rolb0","AlphaTauri","14","5","7","10","7","4","3","9+","2","2","8","13","93","3","0","2","1","12","0"
"xCrZy","Red Bull","1","11","2","11","DNF","12","6","11","DNS","DNF","DNS","DNF","51","2","1","0","0","10","0"
"DaviCee46","Ferrari","10","8","6","12","6","DNF","DNS","8","DNF","7","10","7","38","0","0","3","0","11","0"
"John Sheppard","Alpine","DNF","6","DNS","5","DNF","DNS","8","6","11","14","DNS","DNS","30","0","0","1","0","8","0"
"WambmWalter","Alpine","15","4","16","15","15","DNS","16","DNS","3","DNS","13","10","28","1","0","5","0","9","0"
"Carlost36","Alfa Romeo","DNF","DNF","DNF","4","DNF","DNS","13","3","14","12+","DNF","DNS","27","1","0","7","1","10","0"
"Dutymarv","Haas","11","15","18","DNF","10+","DNF","DNF","13","7","6","9","6","26","0","0","0","1","12","0"
"xmaaco","Haas","16","9","12","16","DNS","DNF","15","10","5","DNF","DNF","5","23","0","0","5","0","11","0"
"Tobi","Williams","8","16+","9","9","DNS","10","DNF","DNF","9","8","7+","DNF","22","0","0","12","2","11","0"
"Alex","Alfa Romeo","7","10","15","DNF","16","8","7","DNF","DNF","DNS","DNS","8","21","0","0","13","0","10","0"
"Leander","Aston Martin","DNS","DNF","17","13","8","DNF","DNS","DNF","8","DNS","11","4","20","0","0","11","0","9","0"
"Timon","Red Bull","12","13","14","7","13","7","12","15","13","DNF","DNS","11+","12","0","0","3","1","11","0"
"Chris_","McLaren","18+","DNF","11","DNF","12","DNF","10","DNF","12+","9","DNF","9","5","0","0","10","2","12","0"
"Birnensaft","Williams","DNS","DNS","DNS","DNS","9","9","11","DNS","15","11","12","DNS","4","0","0","4","0","6","0"
"Nico","McLaren","17","12","10","DNF","DNS","15+","18","DNS","DNS","DNF","DNF","12","1","0","0","0","1","9","0"
"Ares","Reserve","DNS","DNS","DNS","DNS","DNS","DNS","DNS","4","DNS","DNS","5","DNS","22","0","0","0","0","2","0"
"Xywo","Reserve","6","14","13","DNS","DNS","DNS","DNS","DNS","DNS","DNS","DNS","DNS","8","0","0","0","0","3","0"
"godvalle","Reserve","DNS","DNS","DNS","DNS","11","6","DNS","16","DNS","DNS","DNS","DNS","8","0","0","0","0","3","0"
"Pascal086","Reserve","DNS","DNS","DNS","DNS","DNS","DNS","DNS","DNS","6","DNF","DNS","DNS","8","0","0","0","0","2","0"
"FeRiTY","Reserve","9","DNS","DNS","DNS","DNS","DNS","DNS","DNS","DNS","DNS","DNS","DNS","2","0","0","0","0","1","0"
"p4ranoidx3","Reserve","DNS","DNS","DNS","DNS","DNS","DNS","9","DNS","DNS","DNS","DNS","DNS","2","0","0","0","0","1","0"
"Blocky","Reserve","DNS","DNS","DNF","DNS","DNS","DNS","DNS","DNS","DNS","DNS","DNS","DNS","0","0","0","0","0","1","0"
"iPlayZ","Reserve","DNS","DNS","DNS","14","DNS","DNS","DNS","DNS","DNS","DNS","DNS","DNS","0","0","0","0","0","1","0"
"Basti1847","Reserve","DNS","DNS","DNS","DNS","14","DNS","DNS","DNS","DNS","DNS","DNS","DNS","0","0","0","0","0","1","0"
"NoMercy","Reserve","DNS","DNS","DNS","DNS","17","14","DNS","DNS","DNF","DNS","DNF","DNS","0","0","0","0","0","4","0"
"Eliteboy","Reserve","DNS","DNS","DNS","DNS","DNS","13","DNS","DNS","DNS","13","DNS","DNS","0","0","0","0","0","2","0"
"Klinge","Reserve","DNS","DNS","DNS","DNS","DNS","DNS","17","DNS","DNS","DNS","DNS","DNS","0","0","0","0","0","1","0"
"LennyFix","Reserve","DNS","DNS","DNS","DNS","DNS","DNS","14+","DNS","DNS","DNS","DNS","DNS","0","0","0","0","1","1","0"
"nightz","Reserve","DNS","DNS","DNS","DNS","DNS","DNS","DNS","12","DNS","DNS","DNS","DNS","0","0","0","0","0","1","0"
"Youca","Reserve","DNS","DNS","DNS","DNS","DNS","DNS","DNS","14","DNS","DNF","DNF","DNS","0","0","0","3","0","3","0"
