"C1","C2","C3","C4","C5","C6","C7","C8","C9","C10","C11","C12","C13","C14","C15","C16","C17","C18"
"DRIVER","TEAM","AUS","IMO","GBR","SPA","HUN","JAP","SAU","MEX","BRA","POINTS","PODIUMS","WINS","PENALTY POINTS","FASTEST LAPS","STARTS","TITLES"
"Lemi Lehmann","Mercedes","2","1","15","2","5","5","2","1","3","160","6","2","7","0","9","1"
"Marco","Alpine","DNF","2","1","DNF","1+","3","1","2","DNF","136","6","3","0","1","9","0"
"Ben2k","Haas","6","5+","2","4","2","1","7","5","DNS","134","3","1","2","1","8","0"
"Ferity","Ferrari","3","4","DNS","6","6","4","3","8","DNF","100","2","0","0","0","8","0"
"Enthony","Ferrari","DNS","11","8","3","4","7","DNS","DNS","1","82","2","1","1","0","6","0"
"Maximilian Lückert","Aston Martin","1+","DNF","3","8","8","2","DNS","DNS","DNS","81","3","1","5","1","6","0"
"eMeSHa","Mercedes","DNS","DNS","DNS","5","3","DNS","4","3","11","71","2","0","4","0","5","0"
"Fabi","Alfa Romeo","4","10","10","DNS","DNF","DNF","DNS","DNF","2","49","1","0","0","0","7","0"
"Enteeyy","Haas","DNS","DNS","6","DNS","7","DNS","8","DNS","5","44","0","0","2","0","4","0"
"Yuvi","Red Bull","DNF","3","DNS","1","DNS","DNS","DNS","DNS","DNS","43","2","1","1","0","3","0"
"BluePeda","Williams","9","9","DNS","11","DNS","DNF","DNS","DNS","4","35","0","0","3","0","5","0"
"Tobiii","Red Bull","DNS","DNS","DNS","12","9","10","6","18+","13","32","0","0","0","1","6","0"
"Gagarott","Alfa Romeo","8","7","7","DNS","DNF","DNS","DNS","DNS","DNS","28","0","0","1","0","4","0"
"Tobi","Alpine","DNF","DNS","9","13","DNS","DNS","DNS","DNS","9","17","0","0","0","0","4","0"
"MarvinSCP10","AlphaTauri","DNF","DNS","DNS","7","DNF","11","DNS","DNS","DNS","15","0","0","0","0","4","0"
"vPhxl","AlphaTauri","DNS","DNS","DNF","DNS","DNF","8","DNF","10","DNF","14","0","0","10","0","6","0"
"xmaaco","McLaren","DNF","DNF","13","DNS","DNS","DNS","DNS","DNS","DNS","3","0","0","0","0","3","0"
"Racer-Henne1312","Williams","DNS","DNF","14","DNS","DNS","DNS","DNS","DNS","DNS","2","0","0","0","0","2","0"
"Mike Klein","Aston Martin","DNS","DNF","DNF","DNS","DNF","DNS","DNS","DNS","DNS","0","0","0","0","0","3","0"
"mario217","McLaren","DNS","DNS","DNS","DNF","DNF","DNS","DNS","DNS","DNS","0","0","0","0","0","2","0"
"","","","","","","","","","","","","","","","","",""
"","","","","","","","","","","","","","","","","",""
"","","","","","","","","","","","","","","","","",""
"","","","","","","","","","","","","","","","","",""
"","","","","","","","","","","","","","","","","",""
"","","","","","","","","","","","","","","","","",""
"","","","","","","","","","","","","","","","","",""
"","","","","","","","","","","","","","","","","",""
"","","","","","","","","","","","","","","","","",""
"","","","","","","","","","","","","","","","","",""
"","","","","","","","","","","","","","","","","",""
"","","","","","","","","","","","","","","","","",""
"","","","","","","","","","","","","","","","","",""
