"C1","C2","C3","C4","C5","C6","C7","C8","C9","C10","C11","C12","C13","C14","C15","C16","C17","C18","C19","C20","C21","C22","C23","C24","C25","C26","C27","C28","C29","C30","C31","C32","C33","C34","C35","C36","C37","C38","C39"
"ERC MAIN
EWIGE TABELLE","","","F1 2020","","","F1 2021","","","","","","","","","","","","F1 22","","","","","","","","F1 23","","","","","","","","GESAMT","","","",""
"","","Season 0","","","","Season 1","","","","Season 2","","","","Season 3","","","","Season 4","","","","Season 5","","","","Season 6","","","","Season 7","","","","","","","",""
"Position","Fahrer","Punkte","⌀-Punkte","Podien","Rennsiege","Punkte3","⌀-Punkte2","Podien2","Rennsiege2","Punkte2","⌀-Punkte3","Podien4","Rennsiege5","Punkte6","⌀-Punkte7","Podien8","Rennsiege9","Punkte10","⌀-Punkte11","Podien12","Rennsiege13","Punkte14","⌀-Punkte15","Podien16","Rennsiege17","Punkte18","⌀-Punkte19","Podien20","Rennsiege21","Punkte183","⌀-Punkte194","Podien205","Rennsiege216","Punkte182","⌀-Punkte192","Podien202","Rennsiege212","Titel"
"1.","ErDi10","198","9,429","5","2","195","9,750","6","1","133","11,083","4","0","84","10,500","2","1","0","0,000","0","0","119","11,900","5","1","139","15,44444444","4","0","191","10,61111111","4","2","1059","11,899","30","7","0"
"2.","FeRiTY","70","7,778","3","1","139","9,929","5","1","2","2,000","0","0","0","0,000","0","0","58","8,286","2","0","146","14,600","5","2","","","","","258","16,125","10","3","673","11,807","25","7","2"
"3.","Max.","0","0,000","0","0","97","12,125","4","1","136","13,600","6","1","102","14,571","4","3","15","3,000","0","0","39","4,875","1","0","140","14","3","2","58,5","4,178571429","0","0","587,5","11,298","18","7","1"
"4.","xCrZy","362","16,455","15","6","33","2,357","0","0","51","5,100","2","1","29","3,625","1","0","9","1,500","0","0","0","0,000","0","0","31","3,875","0","0","","","","","515","8,047","18","7","1"
"5.","Wasserschlauch Walter","270","12,857","10","4","124","6,889","3","2","0","0,000","0","0","0","0,000","0","0","0","0,000","0","0","0","0,000","0","0","","","","","","","","","394","10,103","13","6","0"
"6.","TraFFi","0","0,000","0","0","133","13,300","5","2","233","19,417","9","7","15","15,000","1","0","0","0,000","0","0","0","0,000","0","0","","","","","","","","","381","16,565","15","9","1"
"7.","Olli","0","0,000","0","0","0","0,000","0","0","0","0,000","0","0","0","0,000","0","0","0","0,000","0","0","102","10,200","3","2","108","12","2","0","161,5","8,972222222","2","0","371,5","13,268","7","2","0"
"8.","Grete","0","0,000","0","0","327","19,235","13","10","0","0,000","0","0","0","0,000","0","0","0","0,000","0","0","0","0,000","0","0","","","","","","","","","327","19,235","13","10","1"
"9.","Klinge","0","0,000","0","0","0","0,000","0","0","0","0,000","0","0","0","0,000","0","0","8","2,667","0","0","38","3,800","1","1","129","12,9","4","3","149,5","8,305555556","4","0","324,5","9,271","9","4","0"
"10.","Killu54","0","0,000","0","0","43","21,500","2","1","0","0,000","0","0","0","0,000","0","0","7","1,000","0","0","20","2,222","0","0","172","17,2","6","1","81","6,230769231","1","0","323","10,094","9","2","2"
"11.","GAMBLERCAKE","276","13,800","12","7","0","0,000","0","0","0","0,000","0","0","18","18,000","1","0","0","0,000","0","0","0","0,000","0","0","","","","","","","","","294","14,000","13","7","0"
"12.","Sebeck","0","0,000","0","0","0","0,000","0","0","0","0,000","0","0","1","1,000","0","0","13","1,857","0","0","82","8,200","4","0","93","10,33333333","2","1","79,5","5,678571429","1","0","268,5","8,391","7","1","0"
"13.","Fabi","0","0,000","0","0","31","6,200","1","0","170","17,000","7","3","0","0,000","0","0","51","6,375","1","0","0","0,000","0","0","","","","","","","","","252","10,957","9","3","0"
"14.","Rolb0","0","0,000","0","0","71","6,455","3","0","93","7,750","3","0","86","10,750","4","1","0","0,000","0","0","0","0,000","0","0","","","","","","","","","250","8,065","10","1","0"
"15.","SKS1997","0","0,000","0","0","0","0,000","0","0","0","0,000","0","0","0","0,000","0","0","0","0,000","0","0","0","0,000","0","0","","","","","239","14,05882353","9","4","239","14,059","9","4","0"
"16.","MaikF1","0","0,000","0","0","5","1,667","0","0","0","0,000","0","0","1","0,500","0","0","0","0,000","0","0","0","0,000","0","0","64","8","0","0","144","8","1","0","214","9,304","1","0","0"
"17.","Leptys","0","0,000","0","0","0","0,000","0","0","0","0,000","0","0","0","0,000","0","0","0","0,000","0","0","0","0,000","0","0","","","","","203","12,6875","7","4","203","12,688","7","4","0"
"18.","Mayor","200","10,526","9","1","0","0,000","0","0","0","0,000","0","0","0","0,000","0","0","0","0,000","0","0","0","0,000","0","0","","","","","","","","","200","9,524","9","1","0"
"19.","Tobi","0","0,000","0","0","0","0,000","0","0","22","2,000","0","0","22","3,667","0","0","82","10,250","2","2","0","0,000","0","0","","","","","61,5","12,3","2","1","187,5","6,250","4","3","0"
"20.","John Sheppard","0","0,000","0","0","16","4,000","0","0","30","3,750","0","0","10","2,000","0","0","0","0,000","0","0","0","0,000","0","0","58","11,6","0","0","64,5","7,166666667","1","0","178,5","6,865","1","0","0"
"21.","Gagarott","0","0,000","0","0","10","10,000","0","0","94","9,400","3","0","72","12,000","3","1","0","0,000","0","0","0","0,000","0","0","","","","","","","","","176","10,353","6","1","0"
"22.","Carlost36","0","0,000","0","0","8","4,000","0","0","27","2,700","1","0","55","9,167","2","1","37","6,167","1","0","43","7,167","1","1","","","","","","","","","170","5,667","5","2","0"
"23.","DaviCee46","0","0,000","0","0","32","4,571","1","0","38","3,455","0","0","31","6,200","1","0","8","2,000","0","0","0","0,000","0","0","29","4,142857143","0","0","30,5","3,8125","0","0","168,5","4,814","2","0","0"
"24.","Marco","0","0,000","0","0","0","0,000","0","0","0","0,000","0","0","0","0,000","0","0","147","18,375","5","4","0","0,000","0","0","","","","","","","","","147","16,333","5","4","1"
"25.","Garenie","146","7,300","4","1","0","0,000","0","0","0","0,000","0","0","0","0,000","0","0","0","0,000","0","0","0","0,000","0","0","","","","","","","","","146","7,300","4","1","0"
"26.","Dutymarv","0","0,000","0","0","66","4,714","0","0","26","2,167","0","0","52","7,429","1","1","0","0,000","0","0","0","0,000","0","0","","","","","","","","","144","4,364","1","1","0"
"27.","LieQid","113","5,136","1","0","27","4,500","1","0","0","0,000","0","0","0","0,000","0","0","0","0,000","0","0","0","0,000","0","0","","","","","","","","","140","5,000","2","0","0"
"28.","xmaaco","0","0,000","0","0","13","0,813","0","0","23","2,091","0","0","1","0,143","0","0","41","6,833","2","1","56","6,222","1","0","","","","","","","","","134","2,735","3","1","0"
"29.","Enteeyy","0","0,000","0","0","0","0,000","0","0","0","0,000","0","0","0","0,000","0","0","0","0,000","0","0","0","0,000","0","0","","","","","133,5","11,125","6","2","133,5","11,125","6","2","0"
"30.","Youca","0","0,000","0","0","0","0,000","0","0","0","0,000","0","0","27","5,400","1","0","74","10,571","3","0","19","3,800","1","0","12","3","0","0","","","","","132","6,286","5","0","0"
"31.","Alex426","0","0,000","0","0","0","0,000","0","0","0","0,000","0","0","0","0,000","0","0","0","0,000","0","0","0","0,000","0","0","130","14,44444444","4","2","","","","","130","","4","2","0"
"32.","Timon","107","6,294","2","0","10","1,000","0","0","12","1,091","0","0","0","0,000","0","0","0","0,000","0","0","0","0,000","0","0","","","","","","","","","129","3,395","2","0","0"
"33.","Xywo","1","0,200","0","0","111","7,929","5","0","8","2,667","0","0","0","0,000","0","0","0","0,000","0","0","0","0,000","0","0","","","","","","","","","120","5,455","5","0","0"
"34.","Tom Tankwart","108","5,143","0","0","1","0,333","0","0","0","0,000","0","0","0","0,000","0","0","0","0,000","0","0","0","0,000","0","0","","","","","","","","","109","4,542","0","0","0"
"35.","Mats Berger","58","3,222","0","0","47","2,765","0","0","0","0,000","0","0","0","0,000","0","0","0","0,000","0","0","0","0,000","0","0","","","","","","","","","105","3,000","0","0","0"
"36.","xlolxxd","0","0,000","0","0","0","0,000","0","0","0","0,000","0","0","0","0,000","0","0","0","0,000","0","0","0","0,000","0","0","62","8,857142857","1","0","42","4,2","0","0","104","10,400","1","0","0"
"37.","Pascal086","0","0,000","0","0","0","0,000","0","0","8","4,000","0","0","32","4,571","0","0","0","0,000","0","0","63","7,000","2","1","","","","","","","","","103","5,722","2","1","0"
"38.","LoNeWoLf","0","0,000","0","0","0","0,000","0","0","0","0,000","0","0","0","0,000","0","0","0","0,000","0","0","0","0,000","0","0","","","","","103","6,4375","1","0","103","6,438","1","0","0"
"39.","Tobiii","0","0,000","0","0","0","0,000","0","0","0","0,000","0","0","0","0,000","0","0","0","0,000","0","0","0","0,000","0","0","","","","","92,5","5,78125","2","2","92,5","5,781","2","2","0"
"40.","mario217","0","0,000","0","0","0","0,000","0","0","0","0,000","0","0","43","7,167","0","0","46","7,667","1","0","0","0,000","0","0","","","","","","","","","89","7,417","1","0","0"
"41.","NoxX","0","0,000","0","0","3","0,429","0","0","0","0,000","0","0","0","0,000","0","0","0","0,000","0","0","79","7,900","2","0","","","","","","","","","82","4,824","2","0","0"
"42.","Mike Klein","0","0,000","0","0","0","0,000","0","0","0","0,000","0","0","0","0,000","0","0","18","6,000","1","0","59","9,833","2","1","","","","","","","","","77","8,556","3","1","0"
"43.","René_96","77","7,000","1","0","0","0,000","0","0","0","0,000","0","0","0","0,000","0","0","0","0,000","0","0","0","0,000","0","0","","","","","","","","","77","7,000","1","0","0"
"44.","Vlembar","0","0,000","0","0","0","0,000","0","0","0","0,000","0","0","0","0,000","0","0","0","0,000","0","0","0","0,000","0","0","","","","","76","9,5","1","0","76","9,500","1","0","0"
"45.","ShadyNugget","35","8,750","1","0","38","4,750","0","0","0","0,000","0","0","0","0,000","0","0","0","0,000","0","0","0","0,000","0","0","","","","","","","","","73","6,083","1","0","0"
"46.","WambmWalter","0","0,000","0","0","34","3,400","0","0","28","3,111","1","0","0","0,000","0","0","0","0,000","0","0","0","0,000","0","0","","","","","","","","","62","2,385","1","0","0"
"47.","Rian","0","0,000","0","0","0","0,000","0","0","0","0,000","0","0","0","0,000","0","0","0","0,000","0","0","20","2,222","0","0","39","4,875","0","0","","","","","59","6,556","0","0","0"
"48.","Niwowanida","0","0,000","0","0","58","11,600","3","0","0","0,000","0","0","0","0,000","0","0","0","0,000","0","0","0","0,000","0","0","","","","","","","","","58","11,600","3","0","0"
"49.","Dave","0","0,000","0","0","0","0,000","0","0","0","0,000","0","0","0","0,000","0","0","0","0,000","0","0","22","2,200","0","0","34","3,777777778","0","0","","","","","56","5,091","0","0","0"
"50.","Leander","0","0,000","0","0","24","4,000","0","0","20","2,222","0","0","11","2,750","0","0","0","0,000","0","0","0","0,000","0","0","","","","","","","","",,,,,
,,,,,,,,,,,,,,,,,,,,,,,,,,,,,,,,,,,,,,
,,,,,,,,,,,,,,,,,,,,,,,,,,,,,,,,,,,,,,
,,,,,,,,,,,,,,,,,,,,,,,,,,,,,,,,,,,,,,
,,,,,,,,,,,,,,,,,,,,,,,,,,,,,,,,,,,,,,
,,,,,,,,,,,,,,,,,,,,,,,,,,,,,,,,,,,,,,
,,,,,,,,,,,,,,,,,,,,,,,,,,,,,,,,,,,,,,
,,,,,,,,,,,,,,,,,,,,,,,,,,,,,,,,,,,,,,
,,,,,,,,,,,,,,,,,,,,,,,,,,,,,,,,,,,,,,
,,,,,,,,,,,,,,,,,,,,,,,,,,,,,,,,,,,,,,
,,,,,,,,,,,,,,,,,,,,,,,,,,,,,,,,,,,,,,
,,,,,,,,,,,,,,,,,,,,,,,,,,,,,,,,,,,,,,
,,,,,,,,,,,,,,,,,,,,,,,,,,,,,,,,,,,,,,
,,,,,,,,,,,,,,,,,,,,,,,,,,,,,,,,,,,,,,
,,,,,,,,,,,,,,,,,,,,,,,,,,,,,,,,,,,,,,
,,,,,,,,,,,,,,,,,,,,,,,,,,,,,,,,,,,,,,
,,,,,,,,,,,,,,,,,,,,,,,,,,,,,,,,,,,,,,
,,,,,,,,,,,,,,,,,,,,,,,,,,,,,,,,,,,,,,
,,,,,,,,,,,,,,,,,,,,,,,,,,,,,,,,,,,,,,
,,,,,,,,,,,,,,,,,,,,,,,,,,,,,,,,,,,,,,
,,,,,,,,,,,,,,,,,,,,,,,,,,,,,,,,,,,,,,
,,,,,,,,,,,,,,,,,,,,,,,,,,,,,,,,,,,,,,
,,,,,,,,,,,,,,,,,,,,,,,,,,,,,,,,,,,,,,
,,,,,,,,,,,,,,,,,,,,,,,,,,,,,,,,,,,,,,
,,,,,,,,,,,,,,,,,,,,,,,,,,,,,,,,,,,,,,
,,,,,,,,,,,,,,,,,,,,,,,,,,,,,,,,,,,,,,
,,,,,,,,,,,,,,,,,,,,,,,,,,,,,,,,,,,,,,
,,,,,,,,,,,,,,,,,,,,,,,,,,,,,,,,,,,,,,
,,,,,,,,,,,,,,,,,,,,,,,,,,,,,,,,,,,,,,
,,,,,,,,,,,,,,,,,,,,,,,,,,,,,,,,,,,,,,
,,,,,,,,,,,,,,,,,,,,,,,,,,,,,,,,,,,,,,
,,,,,,,,,,,,,,,,,,,,,,,,,,,,,,,,,,,,,,
,,,,,,,,,,,,,,,,,,,,,,,,,,,,,,,,,,,,,,
,,,,,,,,,,,,,,,,,,,,,,,,,,,,,,,,,,,,,,
,,,,,,,,,,,,,,,,,,,,,,,,,,,,,,,,,,,,,,
,,,,,,,,,,,,,,,,,,,,,,,,,,,,,,,,,,,,,,
,,,,,,,,,,,,,,,,,,,,,,,,,,,,,,,,,,,,,,
,,,,,,,,,,,,,,,,,,,,,,,,,,,,,,,,,,,,,,
,,,,,,,,,,,,,,,,,,,,,,,,,,,,,,,,,,,,,,
,,,,,,,,,,,,,,,,,,,,,,,,,,,,,,,,,,,,,,
,,,,,,,,,,,,,,,,,,,,,,,,,,,,,,,,,,,,,,
,,,,,,,,,,,,,,,,,,,,,,,,,,,,,,,,,,,,,,
,,,,,,,,,,,,,,,,,,,,,,,,,,,,,,,,,,,,,,
,,,,,,,,,,,,,,,,,,,,,,,,,,,,,,,,,,,,,,
,,,,,,,,,,,,,,,,,,,,,,,,,,,,,,,,,,,,,,
,,,,,,,,,,,,,,,,,,,,,,,,,,,,,,,,,,,,,,
,,,,,,,,,,,,,,,,,,,,,,,,,,,,,,,,,,,,,,
,,,,,,,,,,,,,,,,,,,,,,,,,,,,,,,,,,,,,,
,,,,,,,,,,,,,,,,,,,,,,,,,,,,,,,,,,,,,,
,,,,,,,,,,,,,,,,,,,,,,,,,,,,,,,,,,,,,,
,,,,,,,,,,,,,,,,,,,,,,,,,,,,,,,,,,,,,,
,,,,,,,,,,,,,,,,,,,,,,,,,,,,,,,,,,,,,,
,,,,,,,,,,,,,,,,,,,,,,,,,,,,,,,,,,,,,,
,,,,,,,,,,,,,,,,,,,,,,,,,,,,,,,,,,,,,,
,,,,,,,,,,,,,,,,,,,,,,,,,,,,,,,,,,,,,,
,,,,,,,,,,,,,,,,,,,,,,,,,,,,,,,,,,,,,,
,,,,,,,,,,,,,,,,,,,,,,,,,,,,,,,,,,,,,,
,,,,,,,,,,,,,,,,,,,,,,,,,,,,,,,,,,,,,,
,,,,,,,,,,,,,,,,,,,,,,,,,,,,,,,,,,,,,,
,,,,,,,,,,,,,,,,,,,,,,,,,,,,,,,,,,,,,,
,,,,,,,,,,,,,,,,,,,,,,,,,,,,,,,,,,,,,,
,,,,,,,,,,,,,,,,,,,,,,,,,,,,,,,,,,,,,,
,,,,,,,,,,,,,,,,,,,,,,,,,,,,,,,,,,,,,,
,,,,,,,,,,,,,,,,,,,,,,,,,,,,,,,,,,,,,,
,,,,,,,,,,,,,,,,,,,,,,,,,,,,,,,,,,,,,,
,,,,,,,,,,,,,,,,,,,,,,,,,,,,,,,,,,,,,,
,,,,,,,,,,,,,,,,,,,,,,,,,,,,,,,,,,,,,,
,,,,,,,,,,,,,,,,,,,,,,,,,,,,,,,,,,,,,,
,,,,,,,,,,,,,,,,,,,,,,,,,,,,,,,,,,,,,,
,,,,,,,,,,,,,,,,,,,,,,,,,,,,,,,,,,,,,,
,,,,,,,,,,,,,,,,,,,,,,,,,,,,,,,,,,,,,,
,,,,,,,,,,,,,,,,,,,,,,,,,,,,,,,,,,,,,,
,,,,,,,,,,,,,,,,,,,,,,,,,,,,,,,,,,,,,,
,,,,,,,,,,,,,,,,,,,,,,,,,,,,,,,,,,,,,,
,,,,,,,,,,,,,,,,,,,,,,,,,,,,,,,,,,,,,,
,,,,,,,,,,,,,,,,,,,,,,,,,,,,,,,,,,,,,,
,,,,,,,,,,,,,,,,,,,,,,,,,,,,,,,,,,,,,,
,,,,,,,,,,,,,,,,,,,,,,,,,,,,,,,,,,,,,,
,,,,,,,,,,,,,,,,,,,,,,,,,,,,,,,,,,,,,,
,,,,,,,,,,,,,,,,,,,,,,,,,,,,,,,,,,,,,,
,,,,,,,,,,,,,,,,,,,,,,,,,,,,,,,,,,,,,,
,,,,,,,,,,,,,,,,,,,,,,,,,,,,,,,,,,,,,,
,,,,,,,,,,,,,,,,,,,,,,,,,,,,,,,,,,,,,,
,,,,,,,,,,,,,,,,,,,,,,,,,,,,,,,,,,,,,,
,,,,,,,,,,,,,,,,,,,,,,,,,,,,,,,,,,,,,,
,,,,,,,,,,,,,,,,,,,,,,,,,,,,,,,,,,,,,,
,,,,,,,,,,,,,,,,,,,,,,,,,,,,,,,,,,,,,,
,,,,,,,,,,,,,,,,,,,,,,,,,,,,,,,,,,,,,,
,,,,,,,,,,,,,,,,,,,,,,,,,,,,,,,,,,,,,,
,,,,,,,,,,,,,,,,,,,,,,,,,,,,,,,,,,,,,,
,,,,,,,,,,,,,,,,,,,,,,,,,,,,,,,,,,,,,,
,,,,,,,,,,,,,,,,,,,,,,,,,,,,,,,,,,,,,,
,,,,,,,,,,,,,,,,,,,,,,,,,,,,,,,,,,,,,,
,,,,,,,,,,,,,,,,,,,,,,,,,,,,,,,,,,,,,,
,,,,,,,,,,,,,,,,,,,,,,,,,,,,,,,,,,,,,,
,,,,,,,,,,,,,,,,,,,,,,,,,,,,,,,,,,,,,,
,,,,,,,,,,,,,,,,,,,,,,,,,,,,,,,,,,,,,,
,,,,,,,,,,,,,,,,,,,,,,,,,,,,,,,,,,,,,,
,,,,,,,,,,,,,,,,,,,,,,,,,,,,,,,,,,,,,,
,,,,,,,,,,,,,,,,,,,,,,,,,,,,,,,,,,,,,,
,,,,,,,,,,,,,,,,,,,,,,,,,,,,,,,,,,,,,,
,,,,,,,,,,,,,,,,,,,,,,,,,,,,,,,,,,,,,,
,,,,,,,,,,,,,,,,,,,,,,,,,,,,,,,,,,,,,,
,,,,,,,,,,,,,,,,,,,,,,,,,,,,,,,,,,,,,,
,,,,,,,,,,,,,,,,,,,,,,,,,,,,,,,,,,,,,,
,,,,,,,,,,,,,,,,,,,,,,,,,,,,,,,,,,,,,,
,,,,,,,,,,,,,,,,,,,,,,,,,,,,,,,,,,,,,,
,,,,,,,,,,,,,,,,,,,,,,,,,,,,,,,,,,,,,,
,,,,,,,,,,,,,,,,,,,,,,,,,,,,,,,,,,,,,,
,,,,,,,,,,,,,,,,,,,,,,,,,,,,,,,,,,,,,,
,,,,,,,,,,,,,,,,,,,,,,,,,,,,,,,,,,,,,,
,,,,,,,,,,,,,,,,,,,,,,,,,,,,,,,,,,,,,,
,,,,,,,,,,,,,,,,,,,,,,,,,,,,,,,,,,,,,,
,,,,,,,,,,,,,,,,,,,,,,,,,,,,,,,,,,,,,,
,,,,,,,,,,,,,,,,,,,,,,,,,,,,,,,,,,,,,,
,,,,,,,,,,,,,,,,,,,,,,,,,,,,,,,,,,,,,,
,,,,,,,,,,,,,,,,,,,,,,,,,,,,,,,,,,,,,,
,,,,,,,,,,,,,,,,,,,,,,,,,,,,,,,,,,,,,,
,,,,,,,,,,,,,,,,,,,,,,,,,,,,,,,,,,,,,,
,,,,,,,,,,,,,,,,,,,,,,,,,,,,,,,,,,,,,,
,,,,,,,,,,,,,,,,,,,,,,,,,,,,,,,,,,,,,,
,,,,,,,,,,,,,,,,,,,,,,,,,,,,,,,,,,,,"","",""
"","","","","","","","","","","","","","","","","","","","","","","","","","","","","","","","","","","","","","",""
"","","","","","","","","","","","","","","","","","","","","","","","","","","","","","","","","","","","","","",""
"","","","","","","","","","","","","","","","","","","","","","","","","","","","","","","","","","","","","","",""
"","","","","","","","","","","","","","","","","","","","","","","","","","","","","","","","","","","","","","",""
"","","","","","","","","","","","","","","","","","","","","","","","","","","","","","","","","","","","","","",""
"","","","","","","","","","","","","","","","","","","","","","","","","","","","","","","","","","","","","","",""
"","","","","","","","","","","","","","","","","","","","","","","","","","","","","","","","","","","","","","",""
"","","","","","","","","","","","","","","","","","","","","","","","","","","","","","","","","","","","","","",""
