"C1","C2","C3","C4","C5","C6","C7","C8","C9","C10","C11","C12","C13","C14","C15","C16","C17","C18","C19","C20","C21","C22","C23","C24","C25","C26","C27","C28","C29"
"DRIVER","TEAM","POR","NED","AZE","AUT (S)","AUT","HUN","MEX (S)","MEX","CAN","GBR (S)","GBR","SAU","QAT","FRA (S)","FRA","MON","BEL","BRA (S)","BRA","POINTS","PODIUMS","WINS","PENALTY POINTS","FASTEST LAPS","STARTS","TITLES",""
"Rizmo86","Mercedes","9","15","DNS","15","1+","1+","1","1","1","1","1+","2","1+","1","1","DSQ","DNS","15","3","264,5","12","10","6","4","17","1","WAHR"
"Sleepwalk","Red Bull","7","3","DNF","1","3","DNF","3","5","6","3","2","3","4","3","9","2","3","11","2+","237","11","1","0","1","19","0","WAHR"
"Maserblade","Alpine","1+","4","11","2","5","2","10","3","3","8","9","16","5","2","3","6","11","2","16","212,5","8","1","7","1","19","0","WAHR"
"CaptJTKork","Williams","2","5","3","7","DNF","6","2","2","8","5","4","13","3","5","2","11","10","5","DNF","199,5","6","0","4","0","19","0","FALSCH"
"Ares","Alfa Romeo","8","1","DNF","13","10","5","7","8","16","6","5","4+","11","9","10","9","2","9","5","164,5","2","1","7","1","19","0","FALSCH"
"Massa","Alpine","DNF","DNF","2","3","13","DNF","DNF","15","2+","2","DNF","1","2","DNS","DNS","1+","1","DNS","DNS","163,5","8","3","0","2","15","0","WAHR"
"xCrZy","Red Bull","3","10+","4","5","6","4","6","4+","7","13","13","DNF","DNS","4","8","10","DNS","1","10","154","2","1","0","2","17","0","WAHR"
"Luux","McLaren","DNS","DNS","8+","16","8","10","9","6","DNS","15","6","9","9","13","4","4","4","6","6","132,5","0","0","0","1","16","0","WAHR"
"Oigah","Mercedes","4","2","10","6","2","3","8","7","4","DNS","DNS","DNS","DNS","DNS","DNS","DNS","DNS","DNS","DNS","118","3","0","6","0","9","0","WAHR"
"CreezFreez","Ferrari","5","13","13","4","4","8","18","18","12","7","DNF","6","10","10","6","DNS","DNS","8","8","106","0","0","2","0","17","0","FALSCH"
"Chibiii","McLaren","DNS","DNS","DNS","DNS","DNS","DNS","DNS","DNS","9","11","3","15","6","DNS","DNS","3","15+","3","1","93,5","4","1","0","1","9","0","WAHR"
"DKT_23","Aston Martin","6","11","DNS","DNS","DNS","11","5","9","5","9","15","5","12","DNS","DNS","DNF","DNS","12","7","84,5","0","0","21","0","13","0","WAHR"
"SchlafenderZocker","Haas","15","9","7","18","11","7","13","17","14","16","10","11","13","11","5","8","DNS","DNS","DNS","75","0","0","4","0","16","0","WAHR"
"Majinkid","Williams","14","8","12","11","7","15","11","11","10","DNS","DNS","8","15","15","7","DNF","DNF","16","9","67,5","0","0","2","0","17","0","WAHR"
"Marcel Schumi","Ferrari","11","DNF","15","10","9","12","17","12","DNS","10","11","10","17","7","11","12","12","13","14","59,5","0","0","0","0","18","0","WAHR"
"NoMercy","AlphaTauri","DNS","DNS","DNS","DNS","DNS","DNS","4","10","11","4","17","DNF","7","DNF","18+","7","DNS","DNS","DNS","47","0","0","2","1","10","0","WAHR"
"Nevkko","Mercedes","DNS","DNS","DNS","DNS","DNS","DNS","DNS","DNS","DNS","20","7","DNF","DNS","8","15","5","DNF","10","12","36","0","0","8","0","9","0","WAHR"
"Dertollesohn","Haas","13","DNF","DNF","12","DNF","DNS","15","14","13","14","16","7","16","17","14","DNF","13","7","13","34,5","0","0","0","0","18","0","WAHR"
"Robbery","Aston Martin","12","7","9","14","DNF","16","12","6","DNF","12","12","DNS","14","14","16","DNS","DNS","19","17","33","0","0","5","0","16","0","WAHR"
"Swarley","Alfa Romeo","10","14","14","9","DNF","13","16","19","15","19","14","14","19","12","13","13","DNS","18","15","30,5","0","0","0","0","18","0","WAHR"
"racefreak4","AlphaTauri","16","12","DNF","19","14","DNS","DNS","DNS","DNS","DNS","DNS","12","18","16","17","14","DNS","17","DNF","12","0","0","0","0","12","0","FALSCH"
"","","","","","","","","","","","","","","","","","","","","","","","","","","","",""
"","","","","","","","","","","","","","","","","","","","","","","","","","","","",""
"","","","","","","","","","","","","","","","","","","","","","","","","","","","",""
"","","","","","","","","","","","","","","","","","","","","","","","","","","","",""
"","","","","","","","","","","","","","","","","","","","","","","","","","","","",""
"","","","","","","","","","","","","","","","","","","","","","","","","","","","",""
"","","","","","","","","","","","","","","","","","","","","","","","","","","","",""
"","","","","","","","","","","","","","","","","","","","","","","","","","","","",""
"","","","","","","","","","","","","","","","","","","","","","","","","","","","",""
"","","","","","","","","","","","","","","","","","","","","","","","","","","","",""
"","","","","","","","","","","","","","","","","","","","","","","","","","","","",""
"","","","","","","","","","","","","","","","","","","","","","","","","","","","",""
"","","","","","","","","","","","","","","","","","","","","","","","","","","","",""
