"C1","C2"
"Namen",""
"Lemi Lehmann",""
"Marco",""
"Ben2k",""
"Ferity",""
"Maximilian Lückert",""
"eMeSHa",""
"Enthony",""
"Yuvi",""
"Enteeyy",""
"Tobiii",""
"Fabi",""
"Gagarott",""
"BluePeda",""
"MarvinSCP10",""
"vPhxl",""
"Tobi",""
"xmaaco",""
"Racer-Henne1312",""
"Mike Klein",""
"mario217",""
"ErDi10",""
"xCrZy",""
"Wasserschlauch Walter",""
"Max.",""
"TraFFi",""
"Grete",""
"GAMBLERCAKE",""
"Rolb0",""
"Mayor",""
"Carlost36",""
"Garenie",""
"Dutymarv",""
"LieQid",""
"Timon",""
"Youca",""
"Xywo",""
"DaviCee46",""
"Tom Tankwart",""
"Mats Berger",""
"Pascal086",""
"Olli",""
"Sebeck",""
"NoxX",""
"René_96",""
"ShadyNugget",""
"Killu54",""
"WambmWalter",""
"Niwowanida",""
"John Sheppard",""
"Leander",""
"purzel1987",""
"Klinge",""
"Ares",""
"Rondalao",""
"Blocky",""
"Vali",""
"Seeker",""
"Alex",""
"mic24",""
"TimF1",""
"AnDieX",""
"RageHubi",""
"Puqee",""
"Dave",""
"godvalle",""
"Rian",""
"NoMercy",""
"G3W1TTA",""
"Chrisi",""
"Layqz.",""
"POWN3R",""
"mamf18",""
"Baker",""
"Misu",""
"Flowsnake",""
"Leopard",""
"Lucienx",""
"Maeksy",""
"Exontic",""
"YAWI",""
"Nik",""
"Nico",""
"Major",""
"MaikF1",""
"Flox",""
"Birnensaft",""
"Chris_",""
"Basti1847",""
"Marci",""
"Levin",""
"Voltain",""
"Panther",""
"p4ranoidx3",""
"Saggezzaner",""
"Elio",""
"NB46/Noah",""
"Relentless",""
"DaWitt3",""
"Denarga96",""
"MEDIIZA",""
"DrNokkel",""
"TimBo",""
"Hctaw",""
"Marcii",""
"CreezFreez",""
"PhilX",""
"Rhagrol",""
"Sasuke4234",""
"Marcel Schumi",""
"iPlayZ",""
"rennbroetchen1",""
"Marvman",""
"Eliteboy",""
"Rico",""
"LennyFix",""
"nightz",""
"Intello",""
"Trigger",""
"CaptJTKork",""
"Vanitas",""
"Cobranety",""
"Timster",""
"nAix2000",""
"Hané",""
"Maserblade",""
"Obama",""
"Robbery",""
"PanikFungus",""
"Dertollesohn",""
"Emmagan",""
"StayTryin",""
"N0T_Tr4der",""
"Swarley",""
"boGonzo94",""
"ReXmple",""
"SchlafenderZocker",""
"Thomas",""
"Kartoffel",""
"Benji",""
"Taurice",""
"DerBrummm",""
"Myghht9",""
"Shooty",""
"NoDramaObama",""
"Neoloo",""
"Majinkid",""
"Alex426",""
"xlolxxd",""
"Sleepwalk",""
"Michii",""
"VettelFan5",""
"ItziiiBitziii",""
"LoNeWoLf",""
"Rizmo86",""
"DKT_23",""
"Einfach Geil",""
"racefreak4",""
"badekev",""
"Lycr0n",""
"SKS1997",""
"Leptys",""
"Vlembar",""
"Mahonias",""
"PierresLounge",""
"Massa","	"
"Luux",""
"Oigah",""
"Chibiii",""
"Nevkko",""
"Grünschnabel",""
"Cenkuri",""
"lamaaTV",""
"Marvin_FL",""
"Kevin AiR",""
